3,507890987,2021-03-01
3,507890987,2021-03-02
3,507890987,2021-03-02
1,507890987,2021-03-01
5,203210123,2021-03-01
3,203210123,2021-01-01
4,203210123,2021-01-15
1,701250521,2021-02-14
4,701250521,2021-01-15
4,102580852,2021-01-15
2,102580852,2021-01-16
2,102580852,2021-01-16
6,201110222,2021-01-30
10,201110222,2021-02-01
10,201110222,2021-02-01
10,201110222,2021-02-01
10,201110222,2021-02-01
10,201110222,2021-02-02
10,201110222,2021-02-02
7,204440555,2021-03-14
7,204440555,2021-03-21
9,103330444,2021-03-15
9,103330444,2021-03-16
9,103330444,2021-03-17
9,103330444,2021-03-18
9,103330444,2021-03-19
4,202220333,2021-03-31



