﻿{
"identificador": "10001",
"viajes": [
		{
			"codigo_postal_origen": "20301",
			"codigo_postal_destino": "11504" ,
			"kilometros": "60.1" ,
			"precio_kilometro": "500"
		},
		{
			"codigo_postal_origen": "20302",
			"codigo_postal_destino": "11501" ,
			"kilometros": "69.3" ,
			"precio_kilometro": "350"
		},
		{
			"codigo_postal_origen": "20201",
			"codigo_postal_destino": "60101" ,
			"kilometros": "60.8" ,
			"precio_kilometro": "430"
		},
		{
			"codigo_postal_origen": "20101",
			"codigo_postal_destino": "20301" ,
			"kilometros": "20" ,
			"precio_kilometro": "620"
		},
		{
			"codigo_postal_origen": "20105",
			"codigo_postal_destino": "10101" ,
			"kilometros": "28" ,
			"precio_kilometro": "500"
		},
		{
			"codigo_postal_origen": "11504",
			"codigo_postal_destino": "20101" ,
			"kilometros": "20" ,
			"precio_kilometro": "800"
		},
		{
			"codigo_postal_origen": "10101",
			"codigo_postal_destino": "20301" ,
			"kilometros": "50" ,
			"precio_kilometro": "510"
		},
		{
			"codigo_postal_origen": "10101",
			"codigo_postal_destino": "20105" ,
			"kilometros": "28" ,
			"precio_kilometro": "520"
		},
		{
			"codigo_postal_origen": "20302",
			"codigo_postal_destino": "20301" ,
			"kilometros": "7" ,
			"precio_kilometro": "550"
		},
		{
			"codigo_postal_origen": "11501",
			"codigo_postal_destino": "10101" ,
			"kilometros": "3" ,
			"precio_kilometro": "550"
		}										
]
}